{"cameraMode":{"drawMode":0,"name":"Shaded","section":"Shading Mode"},"sceneLighting":true,"audioPlay":false,"sceneViewState":{"showFog":true,"showMaterialUpdate":false,"showSkybox":true,"showFlares":true,"showImageEffects":true,"showParticleSystems":true},"in2DMode":false,"pivot":{"x":-0.371309757232666,"y":2.374760150909424,"z":-0.7864089012145996},"rotation":{"x":-0.038214489817619327,"y":0.9245116710662842,"z":-0.09631948173046112,"w":-0.36679738759994509},"size":10.0,"orthographic":false}