{"cameraMode":{"drawMode":0,"name":"Shaded","section":"Shading Mode"},"sceneLighting":false,"audioPlay":false,"sceneViewState":{"showFog":true,"showMaterialUpdate":false,"showSkybox":true,"showFlares":true,"showImageEffects":true,"showParticleSystems":true},"in2DMode":false,"pivot":{"x":-2.2684898376464845,"y":2.4884634017944338,"z":-9.900355339050293},"rotation":{"x":-0.013774077408015728,"y":-0.07133500277996063,"z":0.0009852165821939707,"w":-0.9973568320274353},"size":4.041658401489258,"orthographic":false}