{"cameraMode":{"drawMode":0,"name":"Shaded","section":"Shading Mode"},"sceneLighting":true,"audioPlay":false,"sceneViewState":{"showFog":true,"showMaterialUpdate":false,"showSkybox":true,"showFlares":true,"showImageEffects":true,"showParticleSystems":true},"in2DMode":false,"pivot":{"x":-2.791198968887329,"y":3.033615827560425,"z":7.439428806304932},"rotation":{"x":-0.07609416544437409,"y":0.02423599176108837,"z":0.001850092550739646,"w":0.9968043565750122},"size":17.984500885009767,"orthographic":false}